{
  "schemaVersion": 1,
  "id": "chest",
  "version": "${version}",

  "name": "Chest Automation",
  "description": "A mod that will buy/sell ender pearls automatically from a shop",
  "authors": [
    "MiniMinnow"
  ],

  "license": "CC0-1.0",
  "icon": "assets/chest/icon.png",

  "environment": "*",
  "entrypoints": {
    "main": [
      "com.mini.chest.ChestAutomationMod"
    ]
  },
  "mixins": [],

  "depends": {
    "fabricloader": ">=0.14.14",
    "fabric-api": "*",
    "minecraft": "~1.19.2",
    "java": ">=17"
  },
  "suggests": {
    "another-mod": "*"
  }
}
